runNumber;runTime_seconds;tests;failures;totalRunTime_seconds
1;237.31;11;1;323.7224327
2;237.18;11;0;300.4170718
3;239.03;11;0;299.1960687
4;237.77;11;0;300.8655284
5;242.22;11;0;301.11574
6;241.98;11;0;300.896856
7;239.74;11;0;301.6646226
8;244.05;11;0;304.4361655
9;238.42;11;0;298.5096861
10;237.81;11;0;293.1774103
