runNumber;runTime_seconds;tests;failures;totalRunTime_seconds
1;250.41;15;4;354.6544097
2;282.08;15;6;338.302788
3;221.68;15;5;277.0502862
4;272.25;15;4;319.4527827
5;272.63;15;5;319.9888584
6;300.81;15;6;348.2777597
7;369.26;15;9;416.2770454
8;251.53;15;4;299.0372448
9;277.55;15;5;324.8663082
10;257.79;15;5;305.218976
