runNumber;runTime_seconds;tests;failures;totalRunTime_seconds
1;184.47;18;1;215.419255
2;175.42;18;0;205.8525486
3;175.63;18;0;203.7116143
4;175.35;18;0;203.9011768
5;175.08;18;0;204.6816002
