runNumber;runTime_seconds;tests;failures;totalRunTime_seconds
1;178.07;18;0;323.0130745
2;175.91;18;0;256.2885223
3;174.62;18;0;253.2661978
4;174.1;18;0;238.3916651
5;175.23;18;0;235.064706
6;174.74;18;0;206.1223238
7;174.86;18;0;205.2365492
8;174.54;18;0;211.0904988
9;171.71;18;0;205.1305936
10;176.86;18;0;212.5987269
11;175.82;18;0;207.7251202
12;176.95;18;0;206.3959369
13;175.38;18;0;205.8102174
14;176.98;18;1;206.7734146
15;177.2;18;0;207.6573651
