runNumber;runTime;failures;totalRunTime
1;4m19.75s;1;374.0786552
2;4m28.84s;0;335.1157993
3;4m30.40s;0;337.6166501
4;13m16.58s;1;874.1718072
5;4m29.26s;0;342.3408277
6;4m34.39s;0;348.1580271
7;4m37.48s;0;346.1135253
8;4m33.64s;0;341.9672801
9;4m55.30s;1;371.5978992
10;4m54.14s;2;374.4267016
