runNumber;runTime;failures;totalRunTime
1;4m38.46s;2;343.1558617
2;4m33.64s;1;327.8573384
3;4m39.28s;1;334.2670535
4;5m38.25s;7;390.5001266
5;5m35.59s;3;401.9646779
