runNumber;runTime_seconds;tests;failures;totalRunTime_seconds
1;212.98;9;2;276.563585
2;287.01;9;2;344.0180381
3;272.57;9;2;325.8480892
4;345.23;9;1;407.8852874
5;244.97;9;2;308.5949462
6;253.39;9;0;308.0364002
7;269.64;9;2;320.8898982
8;237.48;9;1;297.4241044
9;257.96;9;1;319.9750131
10;257.96;9;1;19.2927538
11;257.96;9;1;16.1726795
12;257.96;9;1;16.245186
13;257.96;9;1;19.5213149
14;257.96;9;1;18.2729695
15;257.96;9;1;18.6090337
