runNumber;runTime;failures;totalRunTime
1;4m11.86s;5;381.1537509
2;4m11.61s;3;310.7367216
3;4m21.22s;3;318.7945133
