runNumber;runTime_seconds;tests;failures;totalRunTime_seconds
1;90.6;9;0;207.975529
2;89.91;9;0;138.4793086
3;101.96;9;0;152.3632409
4;99.85;9;0;147.2824484
5;101.84;9;0;149.8009503
6;99.38;9;0;146.4715484
7;94.37;9;0;142.5828788
8;93.13;9;0;140.4876195
9;96.12;9;0;143.8805198
10;94.81;9;0;142.237981
11;95.39;9;0;142.2943216
12;93.9;9;0;141.5977952
13;97.21;9;0;144.5903036
14;94.67;9;0;140.9315416
15;93.68;9;0;141.2491119
