runNumber;runTime_seconds;tests;failures;totalRunTime_seconds
1;791.64;15;2;852.1216822
2;730.32;15;2;792.9328825
3;843.46;15;0;906.088352
4;768.34;15;2;831.203588
5;819.42;15;0;878.1749089
6;824.16;15;0;886.9504584
7;822.31;15;0;883.1440024
8;801.1;15;0;862.8900708
9;810.52;15;0;873.4767346
10;822.17;15;0;885.6007299
