runNumber;runTime_seconds;tests;failures;totalRunTime_seconds
1;251.06;11;2;313.42134
2;253.66;11;1;315.3419184
3;236.58;11;0;300.7772954
4;241.84;11;0;302.5964906
5;245.49;11;1;314.0754105
6;242.13;11;0;311.2647944
7;251.21;11;1;326.6540148
8;246.5;11;0;315.3372523
9;243.41;11;0;314.3291275
10;247.05;11;0;322.8436349
