runNumber;runTime_seconds;tests;failures;totalRunTime_seconds
1;234.73;11;0;279.4751559
2;234.52;11;0;278.9571835
3;240.15;11;0;284.1434185
4;234.61;11;0;279.241762
5;240.29;11;0;284.9972914
6;237.15;11;0;281.5861529
7;236.28;11;0;280.5555253
8;241.3;11;0;286.8355602
9;240;11;0;285.1275469
10;235.39;11;0;279.7669209
11;235.16;11;0;279.6580699
12;233.63;11;0;278.144273
13;234.52;11;0;278.4538459
14;235.28;11;0;279.7306128
15;235.56;11;0;279.5805695
