runNumber;runTime_seconds;tests;failures;totalRunTime_seconds
1;592.43;9;1;663.2244119
2;585.62;9;0;655.2152034
3;616.27;9;0;673.4046943
4;612.97;9;0;670.1446628
5;572.6;9;0;629.4536286
6;621.68;9;0;679.1092973
7;593.04;9;0;650.8039198
8;586.47;9;0;644.9447344
9;586.66;9;0;645.076489
10;607.37;9;0;663.9818082
11;571.45;9;0;628.0961433
12;609.38;9;0;666.6947596
13;573.51;9;0;629.5977123
14;625.87;9;0;681.8977201
15;615.26;9;0;671.1915795
