runNumber;runTime_seconds;tests;failures;totalRunTime_seconds
1;171.07;11;0;247.5393321
2;170.72;11;0;204.3136483
3;171;11;0;203.6132344
4;170.97;11;0;207.7323601
5;170.92;11;0;203.5607859
