runNumber;runTime_seconds;tests;failures;totalRunTime
1;342.27;11;3;410.0395836
2;389.63;11;0;446.8092522
3;392.56;11;0;451.0855123
4;396.62;11;0;454.9127636
