runNumber;runTime;failures;totalRunTime
1;12m26.22s;1;833.7279848
2;12m51.47s;2;860.4326204
3;12m47.22s;1;847.4166144
