runNumber;runTime;tests;failures;totalRunTime
1;11m59.71s;15;1;781.6940771
2;12m35.74s;15;1;820.1574404
3;11m40.46s;15;2;763.2611264
4;13m8.13s;15;0;849.3719408
5;11m16.12s;15;2;740.3169842
