runNumber;runTime;failures;totalRunTime
1;12m59.53s;1;841.6003696
2;12m31.72s;0;812.1630511
3;12m34.03s;0;815.3957832
4;12m56.04s;0;840.9561639
