runNumber;runTime_seconds;tests;failures;totalRunTime_seconds
1;204.67;9;5;252.3247209
2;253.31;9;6;311.8297153
3;243.23;9;6;288.803213
4;304.96;9;5;352.52592
5;299.54;9;6;355.1417501
6;262.23;9;4;306.7206755
7;279.88;9;5;323.7171804
8;283.7;9;7;326.9470862
9;237.04;9;4;281.4755571
10;267.76;9;7;311.7853159
11;253.34;9;5;296.9419184
12;350.98;9;6;394.2147535
13;222.27;9;6;265.2526605
14;236.53;9;7;279.6031553
15;379.37;9;8;422.7056592
