runNumber;runTime;tests;failures;totalRunTime
1;2m50.96s;;0;238.4808282
2;2m50.96s;;0;212.7950814
3;2m50.82s;;0;206.513834
