runNumber;runTime;tests;failures;totalRunTime
1;12m23.66s;15;1;826.7737701
2;12m36.65s;15;1;845.7409199
3;12m53.08s;15;0;860.8622446
4;12m28.10s;15;0;845.2224747
5;13m10.65s;15;0;853.7233247
