runNumber;runTime_seconds;tests;failures;totalRunTime_seconds
1;380.09;11;0;445.2724457
2;397.67;11;0;459.8257891
3;404.6;11;0;461.8502853
4;402.14;11;0;459.1667895
5;402.4;11;0;460.1052318
6;400.91;11;0;458.1314896
7;401.53;11;0;457.5230275
8;397.91;11;0;456.1068132
9;402.06;11;0;459.2926563
10;402.9;11;0;460.2137822
11;401.21;11;0;458.756178
12;396.31;11;0;453.3697344
13;405.23;11;0;463.5925086
14;397.88;11;0;454.9933242
15;404.93;11;0;462.0256031
