runNumber;runTime_seconds;tests;failures;totalRunTime_seconds
1;224.51;9;1;281.8831957
2;235.11;9;2;285.5324129
3;266.47;9;1;323.7468004
4;261.77;9;1;311.0698867
5;253.85;9;0;303.6199783
6;256.69;9;1;305.4266961
7;249.22;9;1;297.6755444
8;266.15;9;1;313.4582777
9;268.63;9;1;316.7926137
10;226.89;9;1;274.7590995
