runNumber;runTime_seconds;tests;failures;totalRunTime_seconds
1;272.21;9;3;316.5441607
2;319.25;9;5;362.0378413
3;222.12;9;7;265.0814226
4;279.15;9;8;322.2159229
5;211.48;9;6;255.139102
6;236.71;9;4;280.1638087
7;274.77;9;5;318.3462672
8;348.35;9;8;391.9580341
9;273.48;9;4;317.0501858
10;246.24;9;4;289.9038909
11;339.48;9;5;382.8266951
12;219.92;9;4;263.7975889
13;206.86;9;5;250.4272288
14;274.15;9;5;317.66198
15;270.19;9;4;313.6205112
