runNumber;runTime;failures;totalRunTime
1;3m55.66s;0;338.2866778
2;4m20.39s;1;323.041402
3;4m32.77s;1;326.0670961
4;5m37.43s;4;390.6055492
5;4m32.76s;0;323.5183772
