runNumber;runTime_seconds;tests;failures;totalRunTime
1;334.85;11;4;406.912696
2;373.3;11;1;427.6785361
3;370.8;11;2;428.7458171
4;393.04;11;1;448.8235531
5;370.6;11;1;427.6243601
