runNumber;runTime_seconds;tests;failures;totalRunTime_seconds
1;230.72;9;5;274.1135055
2;252.84;9;5;295.8282812
3;299.71;9;6;342.5147567
4;268.94;9;6;312.1988922
5;260.96;9;5;304.9091757
6;255.85;9;5;337.3149293
7;236.47;9;5;280.1247036
8;198.9;9;5;242.6246119
9;290.2;9;4;333.0814834
10;237.25;9;5;279.9161015
11;233.97;9;6;277.4087087
12;284.92;9;5;328.5285135
13;409.14;9;8;452.6172242
14;309.87;9;7;353.1923796
15;239.88;9;7;282.8582696
