runNumber;runTime_seconds;tests;failures;totalRunTime_seconds
1;560.13;9;0;639.5916444
2;521.97;9;1;587.1589163
3;634.27;9;0;695.3539523
4;613.69;9;0;674.8922307
5;633.15;9;0;693.5162413
6;639.19;9;0;699.6074777
7;619.9;9;0;680.1029629
8;631.59;9;0;691.2757143
9;609.74;9;1;666.5138038
10;636.31;9;0;695.9024616
