runNumber;runTime_seconds;tests;failures;totalRunTime_seconds
1;120.75;15;0;274.2295356
2;126.43;15;0;180.831734
3;127.13;15;0;191.0566562
4;127.82;15;0;185.5882645
5;130.29;15;0;188.9860701
