runNumber;runTime;failures;totalRunTime
1;4m14.36s;8;352.5554621
2;3m52.55s;2;276.6870513
3;4m7.50s;3;302.6215828
4;3m46.54s;5;277.1631115
5;4m31.65s;3;318.973084
6;4m24.79s;2;313.8536177
7;4m20.05s;5;307.3565461
8;3m41.35s;6;268.3252433
9;4m17.32s;1;315.7963187
10;4m28.17s;8;318.7350414
