runNumber;runTime;failures;totalRunTime
1;12m17.98s;2;802.4020521
2;12m42.62s;1;827.3625866
3;12m16.48s;1;797.496799
4;12m27.78s;0;809.8797194
5;12m52.51s;0;835.6207417
6;12m42.10s;1;851.081822
7;12m51.08s;2;866.7198394
