runNumber;runTime_seconds;tests;failures;totalRunTime_seconds
1;391.07;11;0;443.1529529
2;398.94;11;0;454.0810157
3;345.46;11;1;397.7959714
