runNumber;runTime_seconds;tests;failures;totalRunTime_seconds
1;117.87;15;2;215.5296669
2;126.94;15;1;191.7132909
3;129.72;15;0;196.9870633
4;120.3;15;2;186.0609307
5;125.95;15;1;190.049133
6;126.48;15;1;179.9196329
7;122.03;15;2;177.7484696
8;124.08;15;1;181.3986498
9;126.72;15;1;181.9313813
10;127.78;15;0;187.7708569
