runNumber;runTime_seconds;tests;failures;totalRunTime_seconds
1;561.02;18;0;602.4852801
2;593.29;18;0;637.525529
3;594.47;18;2;646.7613111
4;592.13;18;0;656.2768052
5;586.87;18;1;633.3204647
6;590.39;18;0;638.9239501
7;593.33;18;0;639.6388668
8;595.74;18;0;641.9358439
9;590.63;18;0;637.3795201
10;586.08;18;1;632.0219512
11;595.01;18;0;639.5140845
12;592.06;18;0;639.3871807
13;592.51;18;0;639.4900956
14;592.2;18;0;639.0198214
15;590.8;18;1;638.3576384
