runNumber;runTime_seconds;tests;failures;totalRunTime_seconds
1;191.69;9;1;323.8180271
2;197.9;9;0;244.0108985
3;231.78;9;0;279.8210066
4;240.88;9;1;298.3237019
5;223.71;9;1;280.7238977
