runNumber;runTime;failures;totalRunTime
1;1m51.00s;0;256.8094422
2;1m49.65s;0;173.336742
3;2m0.20s;0;180.8007529
