runNumber;runTime_seconds;tests;failures;totalRunTime_seconds
1;121.43;15;0;249.1552127
2;119.71;15;2;178.6778578
3;118.8;15;2;184.3781247
4;124.87;15;1;183.4429299
5;124.28;15;1;181.8274488
