runNumber;runTime;tests;failures;totalRunTime
1;2m52.40s;;0;247.2154683
2;2m55.23s;;0;208.8887817
3;2m55.77s;;0;207.1330212
