runNumber;runTime_seconds;tests;failures;totalRunTime_seconds
1;796;15;0;849.4389603
2;814.29;15;0;874.0757088
3;808.77;15;0;871.595425
4;804.5;15;1;867.624844
5;824.3;15;1;886.4421109
